{"cameraMode":{"drawMode":0,"name":"Shaded","section":"Shading Mode"},"sceneLighting":true,"audioPlay":false,"sceneViewState":{"m_AlwaysRefresh":false,"showFog":true,"showSkybox":true,"showFlares":true,"showImageEffects":true,"showParticleSystems":true,"showVisualEffectGraphs":true,"m_FxEnabled":true},"in2DMode":false,"pivot":{"x":0.43016529083251955,"y":-1.4814019203186036,"z":-0.0029239654541015627},"rotation":{"x":0.227172389626503,"y":0.44940388202667239,"z":-0.11931058019399643,"w":0.8556845188140869},"size":13.245001792907715,"orthographic":true}