{"cameraMode":{"drawMode":0,"name":"Shaded","section":"Shading Mode"},"sceneLighting":true,"audioPlay":false,"sceneViewState":{"m_AlwaysRefresh":false,"showFog":true,"showSkybox":true,"showFlares":true,"showImageEffects":true,"showParticleSystems":true,"showVisualEffectGraphs":true,"m_FxEnabled":true},"in2DMode":false,"pivot":{"x":1.4549908638000489,"y":-1.2525763511657715,"z":3.012533664703369},"rotation":{"x":-0.16803529858589173,"y":-0.7282068133354187,"z":0.19239948689937592,"w":-0.6359775066375732},"size":20.150819778442384,"orthographic":false}