{"cameraMode":{"drawMode":0,"name":"Shaded","section":"Shading Mode"},"sceneLighting":true,"audioPlay":false,"sceneViewState":{"m_AlwaysRefresh":false,"showFog":true,"showSkybox":true,"showFlares":true,"showImageEffects":true,"showParticleSystems":true,"showVisualEffectGraphs":true,"m_FxEnabled":true},"in2DMode":false,"pivot":{"x":-0.2698540687561035,"y":0.4576888084411621,"z":-2.5234367847442629},"rotation":{"x":-0.11955274641513825,"y":0.8573417663574219,"z":-0.23065246641635896,"w":-0.4443807303905487},"size":27.306962966918947,"orthographic":false}